{"loss": [1.318506121635437, 0.4201323688030243, 0.25183627009391785, 0.1763831377029419, 0.13177770376205444, 0.10201339423656464, 0.08540771901607513, 0.07098159939050674, 0.06269758939743042, 0.055445894598960876], "accuracy": [0.6117931604385376, 0.8665196895599365, 0.9199231863021851, 0.9437797665596008, 0.956753671169281, 0.9661995768547058, 0.9723451137542725, 0.9770253896713257, 0.9796998500823975, 0.9822320342063904], "val_loss": [0.6055588126182556, 0.3446531891822815, 0.20408640801906586, 0.17468050122261047, 0.1428774744272232, 0.16553997993469238, 0.1268492043018341, 0.21413865685462952, 0.11176258325576782, 0.15196362137794495], "val_accuracy": [0.8061689138412476, 0.8891417980194092, 0.9317664504051208, 0.9452537894248962, 0.9553835391998291, 0.9488959908485413, 0.959936261177063, 0.9344980716705322, 0.9664807915687561, 0.9553266763687134]}